Workbook

Sheet Summary
B2: JJM HRMS — HR Testing Checklist
B3: Fill the 'Checklist' tab. This page adds up your answers automatically.
B5: Tester name:
B6: Date:
B8: How to fill it in:
B9: 1. Go to the 'Checklist' tab.
B10: 2. Try each item using the 'How to check it' note.
B11: 3. In 'Working?' pick: Yes / No / Partly / Not checked.
B12: 4. Write anything that needs fixing in 'Remarks'.
B14: Section | C14: Items | D14: Working | E14: Not working | F14: Partly | G14: Not checked
B15: Login & Account | C15: 4 | D15: =COUNTIF(Checklist!$D$3:$D$6,"Yes") -> 0 | E15: =COUNTIF(Checklist!$D$3:$D$6,"No") -> 0 | F15: =COUNTIF(Checklist!$D$3:$D$6,"Partly") -> 0 | G15: =COUNTIF(Checklist!$D$3:$D$6,"Not checked") -> 4
B16: Dashboard | C16: 2 | D16: =COUNTIF(Checklist!$D$8:$D$9,"Yes") -> 0 | E16: =COUNTIF(Checklist!$D$8:$D$9,"No") -> 0 | F16: =COUNTIF(Checklist!$D$8:$D$9,"Partly") -> 0 | G16: =COUNTIF(Checklist!$D$8:$D$9,"Not checked") -> 2
B17: Employees | C17: 5 | D17: =COUNTIF(Checklist!$D$11:$D$15,"Yes") -> 0 | E17: =COUNTIF(Checklist!$D$11:$D$15,"No") -> 0 | F17: =COUNTIF(Checklist!$D$11:$D$15,"Partly") -> 0 | G17: =COUNTIF(Checklist!$D$11:$D$15,"Not checked") -> 5
B18: Attendance | C18: 2 | D18: =COUNTIF(Checklist!$D$17:$D$18,"Yes") -> 0 | E18: =COUNTIF(Checklist!$D$17:$D$18,"No") -> 0 | F18: =COUNTIF(Checklist!$D$17:$D$18,"Partly") -> 0 | G18: =COUNTIF(Checklist!$D$17:$D$18,"Not checked") -> 1
B19: Leave | C19: 5 | D19: =COUNTIF(Checklist!$D$20:$D$24,"Yes") -> 0 | E19: =COUNTIF(Checklist!$D$20:$D$24,"No") -> 0 | F19: =COUNTIF(Checklist!$D$20:$D$24,"Partly") -> 0 | G19: =COUNTIF(Checklist!$D$20:$D$24,"Not checked") -> 5
B20: Payroll (Salary) | C20: 8 | D20: =COUNTIF(Checklist!$D$26:$D$33,"Yes") -> 0 | E20: =COUNTIF(Checklist!$D$26:$D$33,"No") -> 0 | F20: =COUNTIF(Checklist!$D$26:$D$33,"Partly") -> 0 | G20: =COUNTIF(Checklist!$D$26:$D$33,"Not checked") -> 8
B21: Documents | C21: 2 | D21: =COUNTIF(Checklist!$D$35:$D$36,"Yes") -> 0 | E21: =COUNTIF(Checklist!$D$35:$D$36,"No") -> 0 | F21: =COUNTIF(Checklist!$D$35:$D$36,"Partly") -> 0 | G21: =COUNTIF(Checklist!$D$35:$D$36,"Not checked") -> 2
B22: Transfers | C22: 2 | D22: =COUNTIF(Checklist!$D$38:$D$39,"Yes") -> 0 | E22: =COUNTIF(Checklist!$D$38:$D$39,"No") -> 0 | F22: =COUNTIF(Checklist!$D$38:$D$39,"Partly") -> 0 | G22: =COUNTIF(Checklist!$D$38:$D$39,"Not checked") -> 0
B23: Reports | C23: 2 | D23: =COUNTIF(Checklist!$D$41:$D$42,"Yes") -> 0 | E23: =COUNTIF(Checklist!$D$41:$D$42,"No") -> 0 | F23: =COUNTIF(Checklist!$D$41:$D$42,"Partly") -> 0 | G23: =COUNTIF(Checklist!$D$41:$D$42,"Not checked") -> 0
B24: Policy | C24: 1 | D24: =COUNTIF(Checklist!$D$44,"Yes") -> 0 | E24: =COUNTIF(Checklist!$D$44,"No") -> 0 | F24: =COUNTIF(Checklist!$D$44,"Partly") -> 0 | G24: =COUNTIF(Checklist!$D$44,"Not checked") -> 1
B25: Signatures | C25: 2 | D25: =COUNTIF(Checklist!$D$46:$D$47,"Yes") -> 0 | E25: =COUNTIF(Checklist!$D$46:$D$47,"No") -> 0 | F25: =COUNTIF(Checklist!$D$46:$D$47,"Partly") -> 0 | G25: =COUNTIF(Checklist!$D$46:$D$47,"Not checked") -> 0
B26: TOTAL | C26: =SUM(C15:C25) -> 35 | D26: =SUM(D15:D25) -> 0 | E26: =SUM(E15:E25) -> 0 | F26: =SUM(F15:F25) -> 0 | G26: =SUM(G15:G25) -> 28

Sheet Checklist
A1: # | B1: What you can do | C1: How to check it | D1: Working? | E1: Remarks / What needs fixing
A2: Login & Account | G2: Login details for testing
A3: 1 | B3: Log in | C3: Open the app and log in with your HR username and password. | D3: Not checked | G3: User | H3: username | I3: password | J3: type
A4: 2 | B4: Change your password | C4: Click 'Change Password' at the top, set a new one, save. | D4: Not checked | G4: HR | H4: hr.kangkana@jjmbrain.in | I4: jjm@123 | J4: HR
A5: 3 | B5: Dark / light mode | C5: Click the moon/sun button to switch the look. Reload — it should stay. | D5: Not checked | G5: SPO (FM) | H5: spo-fm@jjmbrain.in | I5: jjm@123 | J5: Approver
A6: 4 | B6: Log out | C6: Click Logout — it should take you back to the login page. | D6: Not checked | G6: Deputy MD | H6: deputy-md@jjmbrain.in | I6: jjm@123 | J6: Approver
A7: Dashboard | G7: FA (Financial Advisor) | H7: fa@jjmbrain.in | I7: jjm@123 | J7: Approver
A8: 5 | B8: See the summary | C8: Open the Dashboard. The numbers (staff, pending items) should look correct. | D8: Not checked | G8: Addl. Chief Engineer | H8: addt-chief-eng@jjmbrain.in | I8: jjm@123 | J8: Approver
A9: 6 | B9: Open items from dashboard | C9: Click a card/number — it should take you to the right page. | D9: Not checked | G9: Addl. MD | H9: addt-md@jjmbrain.in | I9: jjm@123 | J9: Approver
A10: Employees | G10: MD | H10: md@jjmbrain.in | I10: jjm@123 | J10: Approver
A11: 7 | B11: See the employee list | C11: Open Employees. All staff should be listed with office and designation. | D11: Not checked | G11: Employee | H11: pick any from the hrms employee list | I11: jjm@123 | J11: Employee
A12: 8 | B12: Search an employee | C12: Type a name in the search box — the right person should show. | D12: Not checked
A13: 9 | B13: Add a new employee | C13: Click Add, fill the details, save. The new person appears in the list. | D13: Not checked
A14: 10 | B14: Open an employee's details | C14: Click a name — full profile, salary and bank details should show. | D14: Not checked
A15: 11 | B15: Edit an employee | C15: Open an employee, change something, save. The change should stick. | D15: Not checked
A16: Attendance
A17: 12 | B17: Open attendance | C17: Open the Attendance page — it should load without error. | D17: Not checked
A19: Leave
A20: 14 | B20: See leave requests | C20: Open Leave. Pending and past requests should be listed. | D20: Not checked
A21: 15 | B21: Approve a leave | C21: Approve a request — the staff member should see it approved. | D21: Not checked
A22: 16 | B22: Reject a leave | C22: Reject a request — status should update. | D22: Not checked
A23: 17 | B23: Check leave balance | C23: Look at a staff member's paid-leave balance — it should look right (2 days per month). | D23: Not checked
A24: 18 | B24: Print a leave application | C24: Open a leave and print it / save as PDF. It should look neat and formal. | D24: Not checked
A25: Payroll (Salary)
A26: 19 | B26: Open payroll | C26: Open the Payroll page — the month/office options should show. | D26: Not checked
A27: 20 | B27: Choose offices & staff | C27: Tick the offices, streams and staff category you want to pay. | D27: Not checked
A28: 21 | B28: Generate salary for a month | C28: Pick the month and generate. The right employees should be included. | D28: Not checked
A29: 22 | B29: It remembers your choice | C29: Open payroll again — your last selection should be pre-ticked. | D29: Not checked
A30: 23 | B30: Open a generated salary batch | C30: Open the batch — each employee with salary, deductions and net pay. | D30: Not checked
A31: 24 | B31: Adjust an employee's amount | C31: Add or change an amount for one employee — the total should update. | D31: Not checked
A32: 25 | B32: Print a payslip | C32: Print an employee's payslip / save as PDF — it should look correct. | D32: Not checked
A33: 26 | B33: Send for approval | C33: Send the salary batch for approval and follow it through the approvers. | D33: Not checked
A34: Documents
A35: 27 | B35: Open documents | C35: Open the Documents page — it should load. | D35: Not checked
A36: 28 | B36: Upload / download a document | C36: Try uploading and downloading a file. | D36: Not checked
A43: Policy
A44: 33 | B44: Open policy | C44: Open the Policy page — the content should show. | D44: Not checked
